Model,Calibration_intercept,Calibration_slope
LASSO Logistic Regression,0.9104371635484416,4.001906145108609
Decision Tree,-0.05243711080743135,2.6168338045257604
Neural Network,6.545929053299078,19.51925540561664
