Model,Threshold,TN,FP,FN,TP,Accuracy,Balanced_accuracy,Sensitivity_Recall_CKD,Specificity_Not_CKD,Precision_PPV,F1_score,AUC,Brier_score
LASSO Logistic Regression,0.5,38,0,0,62,1.0,1.0,1.0,1.0,1.0,1.0,1.0,0.0015571462720988854
Neural Network,0.5,38,0,2,60,0.98,0.9838709677419355,0.967741935483871,1.0,1.0,0.9836065573770492,1.0,0.06648810851489187
Decision Tree,0.5,37,1,0,62,0.99,0.986842105263158,1.0,0.9736842105263158,0.9841269841269841,0.992,0.99830220713073,0.012420747046629774
